spam/ham,VocabularyRichness,Legomena,Dislegomena,YuleK,Entropy,Sichel,Honore,WordLengthWithoutStopwords,InverseFI_WithoutStopwords,ComplexWordsWithoutStopwords,FISimpleWithoutStopwords,SimpleWordsWithoutStopwords,FKRI_WithoutStopwords,FORCAST_WithoutStopwords,SMOG_WithoutStopWords,FRESWithoutStopwords,FogIndexWithoutStopWords,FogIndex,FRES,SMOG-I,FORCAST,FISimple,InverseFI,SMOG,FKRI,ARI,CLI,SimpleWords,ComplexWords,WordLength,TFISFWithoutStopwords,MaxLongestRepeatingCharacter,MinCharacterDiversity,UniqueHTMLAnchor,RatioNonAlphaNumToAll,RatioDigitToAll,RatioUpperToAll,RatioUpperLower,AvgWordsinSentences,AvgCharinParagraphs,AvgWordsinParagraphs,AvgSentenceinParagraphs,CountofParagraphs,SpamWords,FunctionWords,HTMLAnchor,HTMLNotAnchor,HTMLImage,LongestCapital,CountCapWord,SenBegLower,CountLines,SenBegUpper,AllCountDigitWord,CountSentence,SingleCharWords,HTMLTags,DuplicateWords,CountLowerChars,TFISF,SingleDigitWords,AllCountCapWord,QuestionMark,SingleLetterWords,ExclamationMark,CountUpperChars,Comma,CountWord,SemiColon,Colon,SingleQuote,Period,Space,Tab,Dollar,Ellipsis,WordsMinChar,MultipleExclamationMarks,AlphaOnly,AlphaChars,MultipleQuestionMarks,SpecialChars,WordsMaxChar,CountDigitChars,WordsAVGChar,CountWordLess3Char,CountChars,CountWordLonger6Char,AlphaNumeric
1,0.668478261,97,14,95.69943289,4.565108074,0.113821138,2467.065762,2.574257426,0.050297803,40,28.19841584,61,17.16523762,13.9,13.95445115,-21.19867822,19.88158416,18.76571429,-6.213357143,14.54739255,13.3,28.40857143,0.053288672,13.95445115,15.15335714,54.60865672,-15.3013291,67,40,2.383928571,298,3,1.184611079,0,0.4,1,1,1,12.3,79.22222222,13.66666667,1.777777778,9,0,29,0,1,0,4,37,78,13,37,11,10,57,1,18,696,318,8,4,0,8,0,45,8,142,0,9,9,14,125,0,0,0,1,0,112,741,0,194,18,75,4.777173913,39,1034,57,2
1,0.603618421,295,42,91.16386773,5.414431444,0.114441417,3267.408586,2.56379822,0.042914538,149,28.76206726,195,17.83156899,0.5,16.64734406,-24.31462104,23.30212661,21.64351396,-5.373840312,17.45129283,-4.2,30.6090312,0.046203218,16.73863166,15.54644089,63.72059229,-15.23324503,242,151,2.305418719,1203,5,1.219013654,0,0.4,1,1,11,18.41666667,53.9375,9.208333333,1.104166667,48,6,131,0,1,0,11,102,319,52,102,27,24,158,1,64,2453,1352,10,10,0,31,4,158,39,470,0,14,36,733,411,0,0,229,1,0,406,2611,0,1275,18,128,4.652960526,132,4116,181,9
1,0.756756757,122,9,85.31775018,4.720204071,0.064285714,4060.276753,2.423423423,0.04437515,42,34.42702703,75,17.8813964,12.5,17.49137675,-16.96412162,22.53513514,21.69501312,-3.833418635,18.23640595,11.4,35.55328084,0.046093542,17.49137675,16.38740157,47.78817829,-15.29608108,86,42,2.236220472,282,4,1.195813175,0,0.4,1,1,4.5,23.16666667,35.30434783,6.043478261,1.043478261,23,3,32,0,1,0,7,43,93,27,43,4,6,41,1,15,751,309,1,4,0,7,0,69,8,151,0,13,5,9,125,0,1,0,1,0,127,820,0,179,14,82,5.048648649,35,1133,58,10
1,0.842105263,26,6,83.10249307,3.418697576,0.1875,1940.045952,2.173913043,0.065614302,7,30.89275362,16,12.14217391,18.4,11.36660027,15.14028986,15.24057971,15.24057971,15.14028986,11.84826408,18.4,30.89275362,0.065614302,11.36660027,12.14217391,43.05541667,-15.31863043,16,7,2.173913043,37,3,1.193104276,0,0.4,1,1,0.25,8.333333333,60.5,12.5,2,2,0,0,0,1,0,5,7,18,6,7,2,3,9,1,3,123,37,0,2,1,0,0,12,4,29,0,1,1,3,27,0,0,0,2,0,23,135,0,46,9,19,4.342105263,8,210,9,1
1,0.576592083,258,41,97.34536869,5.322342005,0.12238806,2769.079875,2.588405797,0.041547494,158,27.66304348,189,18.02443841,1.1,17.05346932,-26.73475543,24.06884058,22.37970137,-7.07552613,17.87214746,-3.3,29.44991929,0.044683349,17.14213562,15.59625,55.42854435,-15.32335707,233,160,2.322033898,1125,72,1.219728587,0,0.4,1,1,11,17.625,117.9090909,19.22727273,1.636363636,22,7,137,0,1,0,9,89,332,28,89,10,24,151,1,69,2491,1273,2,18,0,29,2,193,39,457,2,11,44,26,412,0,2,0,1,0,413,2684,0,720,18,104,4.986230637,116,3562,178,0
1,0.732394366,43,5,166.6336044,3.767022044,0.096153846,2462.881707,2.230769231,0.061699098,12,29.54102564,25,13.17057692,17.5,12.48683298,8.215673077,16.20769231,14.8,25.455,13.0166668,16.7,32.3,0.067567568,12.48683298,11.2275,34.79045455,-15.38875379,33,12,2,58,2,1.198421607,0,0.4,0.076923077,0.6,1,12,58,12,1.25,4,2,23,0,1,0,3,6,44,8,6,0,4,20,1,6,269,67,0,0,0,3,0,6,7,53,0,0,7,5,44,0,0,0,1,0,48,275,0,72,12,4,4.211267606,19,365,12,2
1,0.766666667,40,2,150,3.674245062,0.043478261,3138.997498,2.024390244,0.039713289,9,46.64390244,31,20.38780488,16.9,19.43167673,-6.043414634,25.1804878,26.45957447,-2.87,20.26013882,16.4,49.43829787,0.037793503,19.43167673,21.04574468,40.39916667,-15.38911584,36,9,1.914893617,0,2,1.191698005,0,0.4,0.142857143,1,0.05,47,78.66666667,15.66666667,1,3,0,26,0,1,0,3,2,46,7,2,0,1,11,1,4,255,0,0,1,0,2,0,2,4,50,0,0,5,2,45,0,0,0,1,0,47,257,0,62,12,4,4.566666667,18,335,12,1
1,0.576323988,149,19,166.1474559,4.708218288,0.102702703,2965.879466,2.25,0.05952381,52,29.87692308,103,13.19166667,9.7,12.30949336,7.688333333,16.8,14.84154589,29.23206522,12.92462046,5.6,32.42608696,0.067378426,12.39858145,10.67396135,31.99229167,-15.40778841,144,53,1.961352657,544,2,1.245978848,0,0.2,1,1,1,12.22222222,80.92857143,15.71428571,1.571428571,14,0,134,0,1,0,3,17,195,18,17,13,18,114,1,29,1117,669,2,3,0,16,10,19,26,225,9,0,24,11,201,0,0,0,1,0,207,1136,0,305,15,36,3.666666667,75,1511,65,0
1,0.630681818,88,13,214.3595041,4.316231465,0.117117117,2495.320537,1.93,0.020661157,21,70,75,36.434,12.5,28.0998008,-57.943,48.4,60.16716418,-73.12126866,29.91705516,10,83.45074627,0.016620361,28.69046516,43.48761194,67.0978,-15.44401672,100,22,1.701492537,0,2,1.208458568,0,0.5,0,1,0.5,134,610,134,1,1,0,77,0,1,0,3,9,127,5,9,0,1,55,1,20,623,0,0,1,0,16,0,9,22,137,0,0,17,3,130,0,0,0,1,0,134,632,0,178,13,0,3.647727273,58,818,30,0
1,0.610705596,202,34,110.7026361,5.064582519,0.135458167,3082.993667,2.632911392,0.045908753,109,24.82031344,127,17.247283,7.3,13.80674393,-24.5005538,21.78233876,19.95734621,-2.35694395,14.54739255,5,25.36659888,0.050106862,13.95445115,14.25658109,57.92737143,-15.34425832,150,112,2.352313167,855,3,1.192817346,0,0.4,1,1,3,10.35714286,46.61538462,7.435897436,1.051282051,39,1,74,0,1,0,3,114,172,43,114,7,28,114,1,42,1722,955,4,15,0,27,0,135,18,323,0,11,22,107,251,0,0,24,1,0,281,1857,0,450,18,51,4.98296837,78,2442,140,3
1,0.606217617,274,45,82.74644211,5.414314081,0.128205128,2899.762558,2.668621701,0.040487857,160,28.56973097,193,19.17234477,0.7,17.44630237,-33.97887416,24.69876323,22.67712312,-6.356097115,18.32999511,-4.2,30.06030069,0.044097304,17.58110749,15.61488013,53.29363816,-15.33781167,242,163,2.296728972,1147,3,1.228740676,0,0.5,1,1,12,19.17391304,134.3,22.05,1.65,20,6,189,0,1,0,6,67,378,24,67,9,23,139,1,64,2729,1306,0,3,0,42,3,100,35,477,0,8,35,30,424,0,0,0,1,1,428,2829,0,585,19,109,5.231433506,127,3569,207,4
1,0.68852459,66,12,133.0287557,4.203206716,0.142857143,2241.876488,2.119402985,0.060949724,20,31.33233831,45,12.34395522,15.5,13,16.1993408,16.40696517,15.37153558,39.68927903,13.80946965,14.2,32.00074906,0.065055309,13.24695077,9.393483146,33.42678161,-15.42364541,58,21,1.797752809,161,4,1.253163119,0,0.5,1,1,3,15.66666667,152.6666667,31.33333333,2.333333333,3,0,50,0,1,0,3,28,64,7,28,5,6,33,1,13,421,192,1,1,0,10,0,30,12,100,0,0,4,9,96,0,2,0,1,0,89,451,0,129,15,24,4.024590164,38,616,27,0
1,0.730538922,107,9,128.3660224,4.518664091,0.073770492,4162.634967,2.723404255,0.046177426,45,22.93219858,48,17.79417021,15.2,12.48683298,-29.92566667,21.65560284,20.28740741,-11.973,13.23416018,14.5,23.25037037,0.049291661,12.69535971,15.34,97.38260606,-15.13701616,55,47,2.5,370,54,1.193900999,0,0.4,1,1,3,7.266666667,24.26666667,3.633333333,1.066666667,30,3,14,0,1,0,9,48,63,36,48,1,15,41,1,9,679,410,0,7,0,8,0,81,5,119,0,6,8,250,96,0,1,77,1,0,108,760,0,487,16,49,5.005988024,18,1366,57,1
1,0.513157895,137,18,130.6094183,4.809896624,0.092307692,1997.126542,2.129310345,0.058056767,70,31.70727969,154,12.87252874,4.6,13.8012345,13.61312261,17.22452107,16.03723724,33.80537538,14.38758758,0.3,33.1993994,0.06235488,13.8012345,10.48441441,30.85531867,-15.43809163,197,70,1.847972973,662,2,1.235987512,0,0.4,1,1,1,16.5,295.8,59.4,3.8,5,5,194,0,1,0,3,31,272,9,31,1,18,100,1,53,1498,771,0,3,0,29,0,32,25,309,0,0,29,19,321,0,0,0,1,0,296,1530,0,408,14,4,4.113157895,105,1958,77,0
1,0.663573086,240,31,77.41129731,5.270993314,0.108391608,3771.536769,2.627906977,0.038357401,129,26.53570451,132,18.44753762,6.8,18.08797729,-30.89004788,26.07058824,24.26004584,-9.045970206,18.98018151,4,28.0262796,0.041220038,18.2044885,15.62669213,61.19694485,-15.32611364,160,131,2.334415584,890,6,1.207987087,0,0.5,1,1,9,19.05882353,75.55555556,12,1.148148148,27,3,81,0,1,0,11,66,249,31,66,14,17,105,1,43,1920,996,3,7,0,28,0,106,20,356,0,11,26,22,299,0,0,0,1,0,308,2026,0,422,19,139,5.292343387,89,2647,155,4
1,0.510585305,311,52,137.0948606,5.326587035,0.126829268,2769.92468,2.24,0.045761757,177,32.33230769,308,15.462,-10.8,17.29093311,-2.188230769,21.85230769,21.19020088,14.73540666,18.19482538,-19.8,35.01185693,0.047191624,17.45151043,13.75452229,37.4066351,-15.41438445,398,181,1.98089172,1416,3,1.238307812,0,0.4,1,1,1,24.30769231,433.75,79,3.375,8,11,315,0,1,0,5,52,581,12,52,4,26,209,1,90,3442,1649,1,6,0,52,0,59,70,647,0,0,59,28,606,0,1,0,1,0,628,3501,0,782,17,20,4.445828144,217,4325,224,0
1,0.564327485,299,40,77.37423481,5.475428304,0.103626943,2896.312363,2.248868778,0.039814718,169,32.8991453,255,16.47165158,-5.5,19.78292783,-8.343187531,25.11633987,24.72961522,7.005196714,20.72976657,-8.7,33.75685257,0.040437346,19.88194302,14.45790532,48.80612466,-15.38454267,287,171,2.019455253,1333,3,1.229312568,0,0.5,1,1,15,28.94444444,120.2173913,22.65217391,1.47826087,23,0,94,0,1,0,12,196,344,27,196,6,18,168,1,80,2187,1454,0,100,3,60,0,734,38,569,1,13,38,27,528,0,2,0,1,0,514,2921,1,703,16,118,4.589181287,202,3794,209,4
1,0.69924812,76,9,123.2404319,4.298912471,0.096774194,2675.308641,2.130952381,0.043281121,25,38.34285714,57,16.9652381,14.3,18.8113883,-1.863571429,23.1047619,24.07461774,11.62272171,19.93976966,12.6,41.68929664,0.041537523,19.1245155,16.11440367,36.03022523,-15.42953028,74,26,1.871559633,90,2,1.232485605,0,0.4,0,1,1,36.33333333,131.75,27.25,1.5,4,1,69,0,1,0,10,9,102,8,9,0,3,28,1,14,546,116,0,1,0,9,0,18,10,113,0,0,7,5,103,0,0,0,1,0,109,564,0,131,16,0,4.345864662,50,709,31,0
1,1,1,0,0,0,0,0,0,NaN,0,0,0,0,20,3,0,0,0,0,3.1219,20,0,NaN,3,0,0,0,0,0,0,0,1,3,0,0,0,0,0,0,0,0,0,0,0,0,0,1,0,0,0,0,4,0,0,1,0,1,0,0,0,0,0,0,0,0,0,0,0,0,0,0,0,0,0,0,0,0,0,0,0,0,3,0,0,0,0,9,0,0
1,0.710526316,72,3,195.4447522,4.086003915,0.037037037,4262.578604,2.666666667,0.049553874,25,25.36524217,32,16.83666667,16.8,10.59554525,-22.98115385,20.18005698,17.81147741,0.487582418,11.0440537,16.2,26.06544567,0.056143574,10.59554525,13.6452381,63.20022267,-15.27499649,38,25,2.380952381,242,5,1.21648845,0,0.4,1,1,11,5.076923077,26.0625,4.125,1.125,16,1,21,0,1,0,7,27,41,20,27,1,13,30,1,3,379,266,0,5,0,3,0,68,3,78,0,3,8,73,64,0,1,18,1,0,63,447,0,166,15,20,4.429824561,19,671,31,4
1,0.669950739,113,11,101.9194836,4.622761183,0.080882353,3141.721796,2.339130435,0.054223969,42,27.48550725,68,14.22173913,13.2,13.24695077,-0.782518116,18.44202899,17.85079365,10.19178571,13.93595417,12.7,27.37460317,0.056019918,13.36822068,12.72376984,60.32673516,-15.2793242,73,43,2.198412698,322,6,1.205908551,0,0.4,1,1,12,10.83333333,32.2,5.2,1,25,2,26,0,1,0,12,65,71,29,65,3,12,56,1,14,699,344,0,19,0,12,0,149,7,149,0,7,10,102,122,0,0,29,1,0,126,848,0,281,18,35,4.669950739,37,1220,66,2
1,0.670553936,179,31,55.75907998,5.185775079,0.134782609,2632.701966,2.413043478,0.039142274,94,32.85217391,136,18.18791304,6.4,19.79285562,-20.65347826,25.54782609,24.78007168,-6.148016129,20.72976657,2.8,35.81949821,0.040355008,19.88194302,16.87498925,43.74476744,-15.38179425,172,95,2.182795699,517,2,1.199405511,0,0.5,1,1,13,28.3,821,141.5,5.5,2,3,107,0,1,0,11,36,250,6,36,3,10,64,1,44,1541,596,1,15,0,19,0,144,14,299,0,2,17,16,279,0,0,0,1,0,279,1685,0,347,15,24,5.125364431,77,2066,115,2
1,0.6,174,37,104.8406139,5.037730231,0.16017316,2412.630193,2.710638298,0.04267124,107,28.37115839,136,19.34219858,6.4,16.35415042,-35.73638889,23.43498818,21.69524931,-12.70114743,17.17984799,3.5,29.61044366,0.04609304,16.47837775,16.380053,49.69278788,-15.34797006,165,109,2.406360424,751,5,1.183368215,0,0.4,1,1,11,16.55555556,87.85714286,14.19047619,1.333333333,21,2,92,0,1,0,9,57,236,25,57,9,18,95,1,50,1750,862,1,13,0,21,3,134,25,310,0,3,27,22,266,0,1,0,1,1,283,1884,0,363,19,36,5.096103896,77,2331,126,6
1,0.728571429,43,5,220.4081633,3.704930679,0.098039216,2708.415717,2.095238095,0.04812099,13,34.11428571,27,14.39880952,17.3,16.96424004,8.262857143,20.78095238,20.4,25.88730769,17.68660237,16.6,36.55384615,0.049019608,16.96424004,12.59769231,39.84970588,-15.38658869,34,13,1.826923077,45,1,1.262605211,0,0,1,0.5,1,26.5,250,53,2,1,0,27,0,1,0,1,5,47,6,5,1,2,22,1,7,243,53,0,0,0,7,0,5,9,53,0,0,5,52,52,0,0,17,1,0,52,248,0,121,13,2,3.571428571,23,381,11,0
1,0.75,5,0,937.5,1.667461933,0,1247.664925,2,1.666666667,0,40.6,3,8.595,19.7,3,36.1125,0.6,0.6,36.1125,3.1219,19.7,40.6,1.666666667,3,8.595,49.97,-15.11533333,3,0,2,6,3,1.320469248,0,0,0,0.25,0.333333333,1.5,5.666666667,1,1,3,0,0,0,1,0,1,3,0,7,3,0,2,1,1,0,14,6,0,0,0,0,0,3,0,3,0,0,0,10,3,0,0,3,4,0,3,17,0,16,7,0,2.125,0,45,1,0
1,0.514705882,120,26,134.7750865,4.73029138,0.148571429,1854.664515,2.121827411,0.046546135,67,33.86984772,128,14.43956345,7.2,17.17744688,7.332901015,21.48406091,21.01929961,24.05844942,18.12805684,3.7,35.64964981,0.047575325,17.38749457,12.62225292,37.43196319,-15.41662644,163,69,1.852140078,418,4,1.238307812,0,0.4,1,1,1,25.8,163.5,32.25,1.5,8,3,161,0,1,0,3,26,239,12,26,1,10,92,1,47,1341,511,0,3,0,28,0,27,25,275,0,1,28,12,256,0,3,0,1,0,257,1368,0,342,15,23,4.217647059,107,1755,89,0
1,0.852459016,44,7,53.74899221,3.897760792,0.134615385,2672.068012,2.921052632,0.037668517,18,29.70526316,21,22.97342105,17.9,19.43167673,-59.57105263,26.54736842,25.54285714,-44.10857143,20.26013882,17.7,30.3047619,0.039149888,19.43167673,20.92357143,73.40043478,-15.21673913,23,18,2.714285714,49,3,1.213113449,0,0.4,1,1,1,22,92.33333333,14.66666667,1.333333333,3,0,11,0,1,0,3,17,28,7,17,2,2,11,1,3,287,52,0,2,0,3,0,19,3,52,0,3,0,4,52,0,0,0,1,0,42,306,0,78,15,39,6.06557377,10,435,23,0
1,0.662162162,161,22,105.9167275,4.914696395,0.112244898,3186.601294,2.788819876,0.043164628,78,26.14848374,90,19.38278042,11,14.73230833,-38.71180855,23.16711728,21.16663554,-18.41131653,15.43688879,9.1,27.51584189,0.047244164,14.80727592,16.75397448,63.44468969,-15.25816514,109,79,2.529100529,621,33,1.219728587,0,0.5,1,1,3,11.82352941,77.875,12.5625,1.9375,16,3,47,0,1,0,11,63,135,20,63,11,17,83,1,26,1203,691,7,12,0,11,0,135,15,219,0,15,18,21,200,0,1,0,1,0,189,1338,0,479,15,35,4.831081081,52,1890,95,2
1,0.642553191,124,17,177.0937076,4.590039235,0.112582781,3053.323751,2.6,0.036585366,58,27.66666667,59,18.925,14.1,20.02938637,-33.425,27.33333333,26.1716895,-14.87703196,21.18718992,12.2,31.10319635,0.038209226,20.32050808,16.95945205,68.88384615,-15.26376649,78,60,2.328767123,305,11,1.225845774,0,0.4,1,1,1,25.16666667,40.33333333,6.25,1.083333333,24,1,34,0,1,0,7,44,104,28,44,3,6,77,1,20,914,348,1,8,0,11,0,78,21,158,0,20,15,10,140,0,1,0,1,0,146,992,0,301,16,41,4.49787234,34,1388,73,3
1,0.658595642,227,29,86.53389537,5.207658851,0.106617647,3640.839434,2.531914894,0.04719433,92,29.8698373,143,17.56718398,5.7,15.74177936,-21.39588235,21.18898623,19.85019887,-2.625626963,16.48360716,2.5,31.52279673,0.050377329,15.810841,15.30015072,48.14985882,-15.3278034,175,93,2.277580071,837,4,1.219728587,0,0.5,1,1,11,17.52941176,65.71428571,10.64285714,1.25,28,3,70,0,1,0,12,77,212,32,77,15,17,112,1,41,1660,950,9,18,0,21,2,175,21,331,0,18,26,18,267,0,0,0,1,0,281,1835,0,397,17,100,4.958837772,81,2394,127,3
1,0.59697733,190,25,110.907372,5.024839477,0.105485232,3017.431699,2.096638655,0.050936272,87,27.36346749,133,11.88033613,6.7,14.72042751,16.74515922,19.63237506,18.54659157,30.96232278,15.34630589,5.3,27.40268013,0.053918263,14.72042751,9.938807535,47.51331901,-15.39758396,147,87,1.907749077,798,3,1.238307812,0,0.5,1,1,8,14.73684211,64.66666667,13.33333333,1.380952381,21,3,36,0,1,0,14,64,219,25,64,9,19,115,1,35,1273,871,4,12,0,31,0,135,28,306,0,9,19,141,265,0,0,40,1,0,271,1408,0,507,16,68,3.884130982,117,2031,91,1
1,0.510416667,148,23,245.6325955,4.631045487,0.117346939,2429.845709,2.009756098,0.051660939,61,33.40576497,133,12.8405765,6.7,15.89820283,17.89372506,19.35698448,19.1457976,27.22951973,16.79348503,1.9,36.95711835,0.052230783,16.10794346,12.46802744,32.77832245,-15.42591499,181,63,1.833962264,448,2,1.253163119,0,0.166666667,1,1,1,25,71.52631579,14.47368421,1.210526316,19,0,184,0,1,0,1,21,245,23,21,10,11,129,1,39,1319,544,2,2,0,20,7,21,47,276,6,0,32,3,248,0,0,0,1,0,265,1340,0,359,15,24,3.5546875,92,1767,71,0
1,1,1,0,0,0,0,0,0,NaN,0,0,0,0,20,3,0,0,0,0,3.1219,20,0,NaN,3,0,0,0,0,0,0,0,1,3,0,0,0,0,0,0,0,0,0,0,0,0,0,1,0,0,0,0,4,0,0,1,0,1,0,0,0,0,0,0,0,0,0,0,0,0,0,0,0,0,0,0,0,0,0,0,0,0,3,0,0,0,0,9,0,0
1,0.634782609,55,9,149.7164461,4.052580431,0.123287671,1924.333585,2.193548387,0.056555583,21,29.93978495,40,12.89387097,16,13.24695077,10.77247312,17.68172043,15.83333333,31.50416667,13.80946965,14.6,32.33333333,0.063157895,13.24695077,10.4875,31.30388889,-15.42643389,54,21,1.9125,144,3,1.199405511,0,0.4,0.181818182,1,1,13.33333333,124,26.66666667,2.333333333,3,0,54,0,1,0,3,8,75,7,8,0,6,30,1,11,408,176,0,1,0,7,0,8,9,91,0,0,9,10,75,0,0,0,1,0,80,416,0,117,12,8,4.104347826,37,553,21,2
1,0.726415094,65,7,158.4193663,4.107134221,0.090909091,2992.373419,2.301886792,0.060192096,18,28.68894879,34,13.46654987,16.6,11.78310066,4.410377358,16.61347709,15.53214286,21.745625,12.53370057,16.1,28.03214286,0.064382617,12.02377811,11.10473214,55.38725275,-15.28993446,39,19,2.078125,153,21,1.211249822,0,0.4,1,1,3,10,32.66666667,5.833333333,1.5,12,0,15,0,1,0,3,26,40,18,26,6,7,38,1,7,383,172,6,2,0,8,0,28,5,79,1,11,2,8,60,0,1,0,1,0,64,411,0,142,15,26,4.433962264,18,613,30,0
1,0.711538462,229,20,91.77635551,5.180935697,0.077220077,5091.209506,2.7,0.040683339,109,22.86580087,100,18.04272727,10,15.19165139,-31.27363636,24.58008658,22.5192406,-9.527653341,16.01159398,7.9,23.96502373,0.044406471,15.35828761,15.13090361,66.72280992,-15.33571698,121,112,2.421686747,779,3,1.231536753,0,0.5,1,1,10,11.95454545,62.51851852,9.740740741,1.518518519,27,2,64,0,1,0,10,64,190,31,64,14,22,111,1,27,1558,877,9,11,0,20,4,130,18,280,2,17,21,22,239,0,1,0,1,1,249,1688,0,349,16,97,5.021978022,68,2194,133,2
1,1,1,0,0,0,0,0,0,NaN,0,0,0,0,20,3,0,0,0,0,3.1219,20,0,NaN,3,0,0,0,0,0,0,0,1,3,0,0,0,0,0,0,0,0,0,0,0,0,0,1,0,0,0,0,4,0,0,1,0,1,0,0,0,0,0,0,0,0,0,0,0,0,0,0,0,0,0,0,0,0,0,0,0,0,3,0,0,0,0,9,0,0
1,0.707964602,66,7,134.7012295,4.158087024,0.0875,2701.364468,2.151515152,0.051740357,21,33.87272727,45,14.18537879,15.5,15.5499004,8.069318182,19.32727273,18.38235294,25.02389706,16.21144612,14.1,36.26470588,0.0544,15.5499004,12.51308824,32.72567797,-15.41469368,59,21,1.894117647,84,2,1.242923031,0,0.4,0,0.6,1,21.25,106,21.25,1.25,4,1,37,0,1,0,3,8,80,8,8,0,4,31,1,11,451,103,0,0,0,9,0,9,9,90,0,0,10,6,81,0,0,0,1,0,85,460,0,112,16,0,4.194690265,31,586,26,0
1,0.590452261,185,27,96.33595111,5.033245984,0.114893617,2813.632442,2.354085603,0.043113716,116,25.37346304,130,14.72321012,7,16.19090596,-5.363392023,23.19447471,21.53668874,13.06412914,16.93918988,4.5,26.56980132,0.046432393,16.2476413,12.32190397,49.05351613,-15.41140679,155,117,2.109271523,800,3,1.238307812,0,0.5,1,1,1.5,15.65,40.95,7.8,1.275,40,0,57,0,1,0,3,52,258,44,52,11,20,96,1,43,1618,874,10,5,0,24,1,63,21,335,0,9,17,21,278,0,3,0,1,0,302,1681,0,370,16,55,4.489949749,125,2192,124,0
1,0.675,63,9,123.6111111,4.180782543,0.111111111,2154.371284,2.057142857,0.05982906,17,37.28571429,53,13.85178571,14.7,14.29158979,15.03821429,16.71428571,16.52727273,28.76409091,14.89902815,13.2,39.70909091,0.060506051,14.29158979,12.76272727,29.32147059,-15.40982086,68,17,1.840909091,91,2,1.198421607,0,0.4,0.076923077,0.6,1,22,52.375,11,1.125,8,0,41,0,1,0,3,7,84,12,7,0,4,26,1,10,459,108,0,0,0,4,1,8,7,97,0,0,12,5,79,0,0,0,1,0,88,467,0,117,12,4,4.233333333,36,610,21,2
1,0.713114754,73,8,170.6530503,4.199378621,0.091954023,2985.355935,1.771428571,0.073529412,14,34.17142857,50,9.212857143,15,12.16515139,42.76214286,13.6,13.43384615,50.77079121,12.6811529,13.2,37.17010989,0.074438846,12.16515139,8.905208791,23.88117647,-15.46250317,68,14,1.626373626,154,2,1.263889706,0,0.4,1,1,1,18.4,79,18.4,1.6,5,1,60,0,1,0,3,14,79,9,14,1,5,35,1,13,403,193,0,4,0,9,0,15,14,96,0,0,7,6,86,0,0,0,1,0,91,418,0,120,12,2,3.549180328,41,556,17,0
1,0.721311475,107,15,75.84580011,4.682018644,0.113636364,2750.608689,2.737373737,0.026611473,44,42.02222222,55,27.4360101,14.5,28.69046516,-74.98931818,37.57777778,38.58991597,-56.88186975,29.91705516,13.2,46.65714286,0.025913506,28.69046516,26.02966387,70.51441176,-15.27407059,68,44,2.403361345,122,3,1.203025036,0,0.5,1,1,7,66,56.92307692,10.15384615,1,13,1,36,0,1,0,7,39,85,17,39,13,2,48,1,21,731,136,3,5,0,13,0,61,11,151,0,10,9,13,128,0,0,0,1,0,119,792,0,200,18,58,5.021857923,44,1082,58,0
1,1,1,0,0,0,0,0,0,NaN,0,0,0,0,20,3,0,0,0,0,3.1219,20,0,NaN,3,0,0,0,0,0,0,0,1,3,0,0,0,0,0,0,0,0,0,0,0,0,0,1,0,0,0,0,4,0,0,1,0,1,0,0,0,0,0,0,0,0,0,0,0,0,0,0,0,0,0,0,0,0,0,0,0,0,3,0,0,0,0,9,0,0
1,0.526627219,138,17,191.8700326,4.620305647,0.095505618,2591.255423,1.989690722,0.049467081,51,37.53505155,135,14.46960052,6.5,16.82931669,13.89341495,20.21546392,20.88897638,25.72607283,17.68660237,1.8,41.36141732,0.04787214,16.96424004,14.04864173,31.66214286,-15.43983934,182,52,1.75984252,373,3,1.243575228,0,0.2,0.875,0.5,1,31.875,179.4285714,36.42857143,1.142857143,7,4,134,0,1,0,1,14,243,11,14,0,8,94,1,36,1252,465,0,0,0,15,0,14,32,258,0,0,39,9,233,0,1,0,1,0,254,1266,0,318,16,8,3.778106509,97,1612,59,1
1,0.619402985,63,10,206.059256,4.09327668,0.120481928,2032.603517,1.964285714,0.055791711,20,37.92380952,62,13.63357143,13.8,15.24744871,19.34142857,17.92380952,18.5,28.71696429,16.21144612,12.2,40.21428571,0.054054054,15.5499004,13.14261905,28.47576923,-15.44277949,78,21,1.79047619,94,2,1.276518007,0,0,0,1,0.5,26.25,86.66666667,17.5,1,6,1,69,0,1,0,1,8,97,10,8,0,4,35,1,17,512,115,0,1,0,7,0,8,15,105,0,0,10,3,96,0,0,0,1,0,105,520,0,127,12,0,3.880597015,40,665,27,0
1,0.591194969,138,33,104.6240259,4.870762581,0.175531915,2166.53132,2.064356436,0.051454106,69,28.5437058,115,11.97297737,8.5,15.15965225,17.54544554,19.43479491,18.52512315,33.21327586,15.8044173,7.4,28.35270936,0.053980748,15.15965225,9.790689655,44.11309524,-15.41900785,126,69,1.853448276,614,3,1.234069284,0,0.5,1,1,12,16.64285714,65.11111111,12.94444444,1.277777778,18,0,33,0,1,0,9,77,162,22,77,1,14,82,1,40,962,667,0,33,0,22,9,247,21,254,0,7,16,20,223,0,0,0,1,3,232,1209,0,321,17,61,4.15408805,94,1633,79,5
1,0.549132948,152,14,167.3961709,4.71527592,0.073684211,2923.219388,1.937198068,0.053565883,49,37.41256039,146,13.59560386,5.4,15.78019301,19.60304348,18.66859903,19.35730337,30.33681648,16.5869721,0.6,40.93033708,0.051660088,15.90994449,13.23464419,30.01401489,-15.44485555,194,50,1.730337079,408,3,1.243575228,0,0.222222222,0.777777778,1,1,29.66666667,189.5714286,38.14285714,1.285714286,7,5,135,0,1,0,6,24,243,11,24,0,9,93,1,34,1298,500,0,3,0,16,0,29,31,268,0,0,37,9,239,0,0,0,1,0,267,1327,0,321,16,7,3.861271676,96,1675,57,0
1,0.651933702,198,21,92.3353988,5.076262854,0.088983051,3659.021142,2.697115385,0.042962582,97,25.77606838,110,18.61929487,9,15.71482075,-33.06985043,23.27606838,21.19530766,-9.549686808,16.45164131,6.3,27.4104471,0.047180254,15.78019301,15.58550465,66.36482563,-15.26658613,137,98,2.390438247,737,39,1.239396045,0,0.4,1,1,10,14.22222222,80.3,12.8,1.3,20,2,75,0,1,0,11,61,196,26,61,4,18,90,1,34,1466,834,0,24,0,22,0,179,21,280,1,16,17,225,255,0,0,67,1,0,251,1645,0,639,15,109,5.035911602,68,2443,120,1
1,0.725,52,4,293.75,3.737065643,0.068965517,4235.95908,3.129032258,0.045929637,16,23.0627566,17,21.93530792,18.3,9.605782591,-60.74158358,21.77243402,18.22392344,-28.20820574,10.01173124,17.7,25.5923445,0.054872926,9.605782591,17.52019139,61.32371542,-15.32416522,23,16,2.736842105,120,2,1.222844545,0,0.4,1,1,1,4.454545455,67.25,12.25,3.25,4,0,9,0,1,0,3,20,23,8,20,10,11,35,1,3,269,136,9,1,0,3,0,22,10,56,0,1,2,13,45,0,0,0,1,0,38,291,0,80,12,14,4.075,18,399,22,2
1,0.702970297,58,8,205.8621704,3.997601738,0.112676056,2520.565821,2.125,0.045632334,15,41.2,42,17.675,15.8,18,-1.36,21.91428571,23.39493671,17.88933544,18.7669,13.9,46.68607595,0.042744292,18,17.06702532,33.19868852,-15.43010998,61,15,1.759493671,57,2,1.253451072,0,0.111111111,0,0.5,1,39.5,42.22222222,8.666666667,1,9,0,40,0,1,0,1,5,75,13,5,0,2,29,1,11,387,72,0,0,0,9,0,5,13,80,0,0,6,2,70,0,0,0,1,0,79,392,0,94,12,0,3.891089109,32,510,21,0
1,0.777777778,60,1,377.9911599,3.788973219,0.015873016,9228.343225,2.707317073,0.040670568,21,25.56341463,22,18.50134146,17.8,15.5499004,-32.60777439,24.58780488,23.73043478,-21.8548913,16.51947758,17.5,26.33913043,0.042139978,15.84523258,17.11706522,74.3878,-15.21845565,25,22,2.565217391,65,3,1.228740676,0,0.4,0.923076923,0.6,1,11.5,14.80952381,2.142857143,1.047619048,21,1,1,0,1,0,3,26,24,25,26,0,4,26,1,0,327,70,0,0,2,1,0,26,2,54,1,16,4,6,31,0,1,0,1,0,46,353,1,71,13,20,4.827160494,8,492,28,0
1,0.717171717,64,3,238.7511478,3.940138648,0.042253521,4660.764419,2.777777778,0.053507729,19,26.68888889,28,18.27977778,17.2,10.54983444,-32.7325,18.68888889,17.46461538,-14.82376923,11.20094326,16.9,25.92615385,0.057258633,10.74596669,15.79976923,62.31709677,-15.28373772,31,20,2.557692308,151,3,1.195813175,0,0.5,1,0.866666667,6.5,6.1,24.8,4.066666667,1.6,15,1,8,0,1,0,11,26,29,19,26,9,10,44,1,2,350,165,9,0,0,3,0,43,4,66,0,12,6,14,50,0,1,0,1,0,52,393,0,93,15,19,4.282828283,14,541,28,1
1,0.734177215,101,10,125.7811248,4.48171366,0.086206897,3915.073492,2.481927711,0.047278361,37,25.4886747,46,15.49074699,15.4,13.53565375,-11.56058434,21.1513253,19.67333333,0.57225,14.25809262,14.5,26.75666667,0.050830227,13.67707825,13.96541667,57.87890909,-15.30624318,55,38,2.322916667,248,3,1.235987512,0,0.4,1,1,3,10.8,41.53333333,7.2,1.466666667,15,0,38,0,1,0,3,40,60,19,40,11,10,50,1,9,589,274,8,2,0,4,0,45,9,119,0,13,8,13,89,0,1,0,1,0,96,634,0,150,19,74,4.708860759,38,894,48,1
1,1,1,0,0,0,0,0,0,NaN,0,0,0,0,20,3,0,0,0,0,3.1219,20,0,NaN,3,0,0,0,0,0,0,0,1,3,0,0,0,0,0,0,0,0,0,0,0,0,0,1,0,0,0,0,4,0,0,1,0,1,0,0,0,0,0,0,0,0,0,0,0,0,0,0,0,0,0,0,0,0,0,0,0,0,3,0,0,0,0,9,0,0
1,0.78125,86,8,68.359375,4.459268568,0.08,3465.735903,2.493506494,0.045988819,30,31.09506494,48,17.57737662,15.2,16.41640786,-19.74664935,21.74441558,20.46681319,-1.290747253,17.1152134,14.1,33.21406593,0.048859585,16.41640786,15.46474725,45.93949153,-15.32754628,59,30,2.241758242,194,3,1.176924673,0,0.4,1,1,3,18.6,110.8,18.6,1.6,5,0,33,0,1,0,11,18,76,9,18,2,5,28,1,10,508,218,0,8,0,4,1,63,6,104,0,6,6,7,93,0,1,0,1,0,91,571,0,135,14,48,5.109375,22,770,40,2
1,0.521802326,275,51,143.2784613,5.196845615,0.142061281,2792.416896,2.257425743,0.050304971,138,31.46290937,255,14.87262376,-5.5,15.61866749,0.085243717,19.87875095,19.01170181,18.55632017,16.51947758,-13.5,33.83795664,0.052599184,15.84523258,12.87554054,34.9804868,-15.41954611,335,143,1.986486486,1222,2,1.237726285,0,0.5,1,1,1,20.11538462,253.4545455,47.54545455,2.545454545,11,4,313,0,1,0,6,77,451,15,77,5,26,195,1,76,2753,1426,1,4,0,47,0,83,53,540,0,2,64,29,498,0,0,0,1,0,518,2836,0,668,17,22,4.220930233,184,3554,162,0
1,0.734126984,167,8,81.5696649,4.930924706,0.043243243,5683.02434,2.8,0.033862681,65,35.6,87,24.236,11.3,22.74841766,-59.48,29.53103448,29.32377358,-48.38162264,23.87733794,10.5,36.61937107,0.034102023,22.89974874,22.91559748,62.19052632,-15.26271102,95,66,2.635220126,371,3,1.211249822,0,0.4,1,1,14,34.2,45.54166667,7.125,1.041666667,24,4,19,0,1,0,13,80,87,28,80,9,5,62,1,15,866,398,8,17,0,7,0,279,14,205,2,10,16,8,143,0,1,0,1,0,159,1145,0,233,16,63,5.333333333,38,1495,78,7
1,0.534008683,293,33,102.328679,5.318906634,0.089430894,3174.438941,2.306220096,0.047088799,172,27.36087491,236,14.25311141,-3.6,15.14201678,-0.393220096,21.236473,19.5060267,22.71161829,15.82278446,-7.2,27.37879012,0.051266207,15.17726218,11.08777563,54.56027311,-15.35132243,272,173,2.003976143,1635,7,1.202048802,0,0.5,1,1,12,14.85714286,73.32432432,14.05405405,1.243243243,37,2,99,0,1,0,14,115,406,41,115,7,35,191,1,71,2443,1770,2,42,0,69,2,314,36,554,1,6,36,593,495,0,0,180,1,0,503,2757,0,1207,19,120,4.279305355,205,4164,202,11
1,1,1,0,0,0,0,0,0,NaN,0,0,0,0,20,3,0,0,0,0,3.1219,20,0,NaN,3,0,0,0,0,0,0,0,1,3,0,0,0,0,0,0,0,0,0,0,0,0,0,1,0,0,0,0,4,0,0,1,0,1,0,0,0,0,0,0,0,0,0,0,0,0,0,0,0,0,0,0,0,0,0,0,0,0,3,0,0,0,0,9,0,0
1,0.731707317,73,14,116.3328706,4.292949688,0.155555556,2547.627012,2.178082192,0.058264826,18,38.53287671,57,15.66886986,14.3,14.61895004,4.045496575,17.1630137,17.44444444,19.4975,15.57254185,13.2,39.22222222,0.057324841,14.93733639,13.98444444,32.09205882,-15.3927451,68,19,1.944444444,97,2,1.179147646,0,0.4,0.148148148,1,1,22.5,80.16666667,15,1.5,6,1,40,0,1,0,5,15,77,10,15,0,4,31,1,13,486,113,0,1,1,7,0,19,9,98,0,0,10,3,86,0,0,0,1,0,90,505,0,123,15,4,4.414634146,26,650,24,1
1,0.678082192,80,8,126.6654157,4.341104691,0.080808081,2596.721345,1.9875,0.055555556,20,37.5,59,13.615,14.1,15.24744871,18.3925,18,18.23944954,34.03680046,15.89598901,11.8,40.99174312,0.054826216,15.24744871,12.6490367,29.42939024,-15.4330482,82,20,1.71559633,106,3,1.195813175,0,0.5,0.2,0.6,1,27.25,82.16666667,18.16666667,1.166666667,6,0,59,0,1,0,3,7,106,10,7,0,4,36,1,12,528,133,0,0,0,10,1,7,10,119,0,0,13,7,106,0,0,0,1,0,109,535,0,149,12,5,3.95890411,49,707,23,1
1,0.891304348,38,1,66.16257089,3.655207308,0.024390244,5232.476575,3,0.033557047,15,24.8,12,22.15,18.8,18,-59.145,29.8,28.27692308,-40.63692308,18.7669,18.8,23.66153846,0.035364527,18,19.42692308,106.7775,-15.12790256,12,15,2.769230769,39,5,1.232485605,0,0.4,0.888888889,0.6,1,13,29.66666667,4.333333333,1,6,0,5,0,1,0,3,14,15,10,14,0,2,9,1,0,194,41,0,0,0,2,0,15,2,38,0,3,1,4,28,0,1,0,1,0,26,209,0,61,12,31,6.239130435,4,319,22,0
1,0.619417476,261,38,86.34178528,5.304933514,0.119122257,3434.291795,2.7,0.040451433,141,26.78996865,156,19.03545455,4.4,16.86624417,-34.96454545,24.72100313,23.06853147,-15.25317375,17.68660237,1.6,27.92060247,0.043349097,16.96424004,16.47359333,65.56078557,-15.27261616,184,143,2.440828402,1029,5,1.213941807,0,0.5,1,1,10,16.36363636,117.5789474,18.94736842,1.894736842,19,8,104,0,1,0,11,75,272,23,75,18,22,128,1,45,2059,1142,8,19,0,22,1,204,27,406,1,14,34,348,350,0,1,103,1,0,338,2263,0,827,17,101,4.930097087,100,3235,162,4
1,0.591071429,258,46,98.85204082,5.313402612,0.13897281,2869.242569,2.673015873,0.041611625,142,28.34920635,176,19.22015873,2.4,17.24279266,-34.52714286,24.03174603,22.33227513,-13.75880952,18.02934814,-1.7,30.16296296,0.044778241,17.29285536,16.66010582,61.94003072,-15.26817849,217,143,2.391534392,1077,3,1.184611079,0,0.4,1,1,11,19,54.5,8.673913043,1.152173913,46,4,127,0,1,0,11,119,270,50,119,19,21,132,1,64,2135,1214,9,44,0,26,2,431,41,448,2,7,25,339,375,0,2,103,1,0,378,2566,0,850,35,89,5.107142857,115,3603,181,8
1,0.865384615,81,6,38.83136095,4.426083611,0.066666667,4644.390899,2.424242424,0.039739884,27,31.22424242,37,17.82606061,16.3,19.43167673,-20.58590909,25.16363636,24.4,-5.788,20.26013882,15.8,32.4,0.040983607,19.43167673,15.98733333,59.02357143,-15.30762286,42,27,2.213333333,92,3,1.225033466,0,0.4,1,1,1,25.66666667,66.57142857,11,1,7,0,19,0,1,0,4,18,62,11,18,2,3,25,1,3,476,101,0,6,0,9,1,32,5,88,0,3,3,7,75,0,0,0,1,0,75,508,0,108,18,19,5.394230769,24,655,37,1
1,0.682242991,55,11,124.0282994,4.101216714,0.150684932,1895.091694,2.0625,0.063391442,15,37.025,49,13.525,15.1,13.60660172,16.1075,15.775,15.5,27.91,14.18458559,13.6,40,0.064516129,13.60660172,12.775,26.7521875,-15.41719,64,15,1.875,82,2,1.213113449,0,0.4,0.136363636,0.6,1,20,54.71428571,11.42857143,1,7,0,35,0,1,0,3,8,74,11,8,0,4,21,1,10,409,98,0,0,0,2,1,8,8,87,0,0,8,4,72,0,0,0,1,0,80,417,0,103,13,6,4.224299065,32,546,16,2
1,0.668508287,104,7,156.8938677,4.437680399,0.05785124,3700.10671,2.631578947,0.042256369,48,24.50717703,50,17.23535885,15,14.44155107,-24.56248804,23.66507177,22.18181818,-13.27681818,15.30151598,13.9,26.18181818,0.045081967,14.67748416,15.85818182,64.42403875,-15.27820614,61,50,2.481818182,268,3,1.17225842,0,0.4,1,1,3,10.18181818,40.16666667,6.222222222,1.055555556,18,1,19,0,1,0,6,41,78,22,41,2,11,50,1,10,730,300,0,4,0,4,1,57,12,128,0,11,8,35,116,0,1,6,1,0,110,787,0,205,14,42,4.812154696,23,1076,54,3
1,0.572661871,309,54,104.549454,5.427178405,0.135678392,2926.378556,2.50928382,0.050399474,158,27.37463325,229,15.84220213,-2.9,12.8353797,-13.25969685,19.84147675,17.89569161,7.445571429,13.44492281,-7.3,27.94013605,0.055879372,12.89743319,13.09352381,61.01164835,-15.24984021,273,160,2.246666667,1754,77,1.211249822,0,0.4,1,1,14,9.714285714,68.16666667,11.33333333,1.80952381,42,6,151,0,1,0,14,121,348,50,121,20,49,180,1,72,2619,1955,10,24,0,36,9,277,34,533,0,20,34,57,455,0,0,0,1,1,450,2896,0,1432,18,191,4.713669065,134,4617,208,9
1,0.733333333,47,6,234.6666667,3.756232461,0.109090909,2968.273078,2.434782609,0.064161087,16,29.49881423,32,14.27498024,16.8,9.605782591,-3.39215415,15.58577075,14.84304267,5.489146568,10.01173124,16.7,28.72059369,0.067371631,9.605782591,13.03306122,59.14090909,-15.23386667,33,16,2.326530612,127,5,1.258925412,0,0.4,1,1,14,4.636363636,25,4.25,1.166666667,12,1,8,0,1,0,8,28,22,16,28,1,11,17,1,6,202,133,1,16,0,2,0,104,1,53,0,0,2,149,46,0,1,46,1,0,49,306,0,206,15,12,4.346666667,8,554,18,2
1,0.818181818,7,2,330.5785124,2.145841753,0.222222222,1079.052873,2.333333333,0.036674817,2,13.93333333,1,12.13833333,19.9,8.477225575,7.9125,27.26666667,27.26666667,7.9125,8.834646275,19.9,13.93333333,0.036674817,8.477225575,12.13833333,336.78,-14.9024,1,2,2.333333333,9,3,1.316074013,0,0,0,0.142857143,0.166666667,1.5,10,1.5,1,2,0,0,0,1,0,1,2,1,6,2,0,2,5,1,0,18,9,0,0,0,0,0,2,0,3,0,2,2,37,2,0,0,12,4,0,3,20,0,46,9,0,1.818181818,0,76,2,0
1,0.745689655,152,10,65.02675386,4.925087097,0.057803468,4487.07412,2.437956204,0.041037008,60,29.33175182,77,16.93163321,12.3,18,-16.79796989,24.36824818,23.4,1.212857143,19.15325447,10.5,31.01904762,0.042735043,18.37042615,14.74839286,51.3895,-15.35277632,95,63,2.178571429,346,7,1.187350769,0,0.5,1,1,3,22.25,132.25,22.25,1.75,8,2,66,0,1,0,8,36,138,12,36,8,8,52,1,17,988,402,1,5,0,12,1,59,12,192,0,6,17,10,166,0,0,0,1,0,168,1047,0,224,17,56,4.943965517,48,1349,76,3
1,1,13,0,0,2.564949357,0,0,3.285714286,0.041224971,4,24.25714286,4,23.96142857,19.6,10.74596669,-74.68892857,24.25714286,21.6,-40.45,11.20094326,19.6,21.6,0.046296296,10.74596669,19.115,84.3675,-15.29385,4,4,2.875,12,2,1.291549665,0,0.4,0,0.6,0.333333333,4,11,2,1,4,0,0,0,1,0,3,2,7,8,2,0,2,3,1,0,58,13,0,0,0,1,0,2,0,10,0,0,1,3,5,0,0,0,1,0,8,60,0,15,10,0,5.307692308,2,89,4,0
1,0.704819277,99,10,113.949775,4.496506119,0.085470085,3322.792062,2.479591837,0.046222055,41,27.34897959,55,16.35043367,14.5,15.39959677,-15.37221939,21.63469388,19.7483871,4.846048387,16.21144612,12.4,30.71612903,0.050637047,15.5499004,14.09403226,46.22328947,-15.34985144,76,42,2.201612903,234,5,1.13273697,0,0.5,1,1,1,15.625,86,15.625,1.25,8,0,67,0,1,0,4,13,114,12,13,1,8,46,1,15,747,279,0,2,0,12,0,16,12,131,0,2,13,11,120,0,0,0,1,0,124,763,0,175,16,55,5.084337349,40,1015,49,4
1,0.60261194,252,43,98.01737581,5.308618815,0.133126935,2858.838499,2.829787234,0.042067915,137,28.0264048,167,20.30648936,3.3,15.57286455,-43.57384615,23.77108565,21.55113918,-18.59734999,16.33076988,-0.7,29.52767877,0.046401259,15.66430477,17.10151026,53.15526198,-15.30211599,207,139,2.507331378,1112,3,1.213113449,0,0.5,1,1,10,13.73076923,1100.5,178.5,13.5,2,6,138,0,1,0,11,99,270,6,99,14,26,150,1,55,2133,1246,3,14,0,25,1,254,16,411,1,34,35,52,387,0,0,0,1,0,341,2387,0,583,17,123,4.917910448,105,3103,168,4
1,0.787878788,47,2,165.2892562,3.769397375,0.038461538,4357.240932,1.930232558,0.036453035,11,44.17674419,29,18.49674419,17.1,21.16590212,-0.107674419,27.43255814,29.26153846,4.378076923,22.06893592,16.3,49.26153846,0.034174553,21.16590212,19.71692308,37.93243243,-15.44502308,37,11,1.769230769,0,2,1.270981615,0,0,0,0.5,1,52,247,52,1,1,1,31,0,1,0,1,6,46,5,6,0,1,16,1,4,241,0,0,0,0,3,0,6,7,52,0,0,6,0,50,0,0,0,1,0,52,247,0,66,12,0,3.742424242,22,321,13,0
1,0.77,138,8,69,4.821408777,0.051948052,5099.630465,2.660550459,0.040744008,55,26.7453211,61,18.18349541,13.9,15.84523258,-29.31106881,24.54348624,22.6,-11.5997,16.51947758,12.8,28.04,0.044247788,15.84523258,15.9156,62.04375,-15.26675271,72,55,2.432,323,5,1.196127859,0,0.5,1,1,11,13.7,57.93333333,9.133333333,1.2,15,2,28,0,1,0,14,30,105,19,30,5,10,55,1,9,803,355,2,6,0,9,2,74,10,155,1,7,13,11,132,0,1,0,1,0,125,877,0,201,19,107,5.15,35,1221,72,9
1,0.884615385,21,1,118.3431953,3.078014568,0.043478261,3746.811019,2.714285714,0.058724832,4,39.88571429,12,21.11857143,18.8,13.95445115,-37.00357143,17.02857143,16.66666667,-22.71,14.54739255,18.8,38,0.06,13.95445115,18.98333333,55.22,-15.11906667,12,4,2.533333333,0,2,1.200936955,0,0.4,0.8,1,4,15,23.75,3.75,1,4,0,3,0,1,0,10,11,6,8,11,0,1,8,1,0,99,0,0,1,0,1,0,23,2,19,0,3,1,3,15,0,0,0,1,0,15,122,0,32,12,12,5.653846154,3,180,7,0
1,0.614379085,310,42,104.6072024,5.398249243,0.111702128,3655.592937,2.605797101,0.044876225,155,28.08061594,205,17.6568433,-0.5,15.05456345,-24.55840353,22.28351449,20.25130332,-2.012397808,15.81589989,-5.4,29.35082938,0.049379538,15.17066144,14.76865818,54.44969488,-15.29694442,254,158,2.31042654,1236,5,1.230075506,0,0.5,1,1,11,13.75,68.25641026,11.28205128,1.076923077,39,7,134,0,1,0,14,75,364,43,75,7,32,161,1,56,2555,1413,3,14,0,36,2,182,45,475,2,5,40,373,416,0,1,109,1,0,422,2737,0,918,19,139,4.849673203,114,3878,192,12
1,0.725274725,175,9,79.70051926,5.002207051,0.045454545,4829.023545,2.563953488,0.047361001,76,25.53302326,95,16.51715116,10.5,13.67707825,-18.80446512,21.1144186,19.67333333,-2.0715,14.25809262,9.6,25.50666667,0.050830227,13.67707825,14.21716667,61.19471154,-15.31577933,104,76,2.354166667,621,3,1.210189631,0,0.4,1,1,11,9.95,47.51851852,7.37037037,1.185185185,27,3,39,0,1,0,13,75,120,31,75,7,20,64,1,20,946,673,1,33,0,10,4,336,13,211,2,8,9,74,190,0,1,18,1,0,192,1282,0,321,16,104,5.201465201,45,1767,96,1
1,0.703448276,85,10,121.7598098,4.371328464,0.098039216,2986.040245,2.179775281,0.052580939,31,30.25425361,56,13.25134831,14.4,14.52636729,9.521011236,19.01829856,17.43059418,33.97743363,15.14390108,13,31.23590392,0.057370391,14.52636729,10.13477876,35.38,-15.42892743,70,31,1.849557522,202,2,1.270981615,0,0.5,0.666666667,0.5,1,16.14285714,302.5,56.5,3.5,2,0,59,0,1,0,1,14,102,6,14,0,7,44,1,13,596,233,0,0,0,16,0,14,11,117,0,1,10,10,113,0,0,0,1,0,113,610,0,148,14,2,4.248275862,39,770,36,0
1,0.971428571,33,1,16.32653061,3.515739651,0.029411765,12088.18341,3.2,0.033333333,13,20,8,23.73,19.2,16.96424004,-74.035,30,27.4,-42.7325,18.23640595,19,21,0.03649635,17.49137675,19.4,101.175,-15.25944,10,14,2.8,30,2,1.21648845,0,0.4,0.8125,0.857142857,6,12.5,33.4,5,1.2,5,0,5,0,1,0,6,9,17,9,9,0,2,9,1,1,165,34,0,0,0,3,0,22,1,28,0,0,2,2,23,0,0,0,1,0,25,187,0,39,12,13,6.028571429,5,255,14,0
1,0.952380952,39,0,34.01360544,3.659197312,0,14950.67847,2.56,0.041322314,12,22.6,11,16.763,18.9,16.41640786,-22.4285,24.2,22.74285714,-12.83214286,17.1152134,18.6,25.6,0.043969849,16.41640786,15.79714286,76.27,-15.25428571,14,12,2.428571429,36,4,1.212508617,0,0.25,1,1,0.5,14.5,65.66666667,9.666666667,1,3,0,5,0,1,0,1,13,17,10,13,1,2,12,1,0,197,39,0,2,0,3,0,14,1,31,0,1,1,3,27,0,0,0,1,0,28,211,0,47,13,4,5.214285714,5,280,13,0
1,0.928571429,24,2,51.02040816,3.233183484,0.076923077,4331.865863,3,0.031601124,11,22.75555556,7,22.54,19.3,21.16590212,-65.235,31.64444444,30.06956522,-37.20565217,22.9114336,19.1,24.85217391,0.033256217,21.97366596,18.7026087,86.16666667,-15.32925411,9,12,2.608695652,0,2,1.230075506,0,0,0,0.857142857,6,23,39.25,5.75,1,4,0,5,0,1,0,6,7,16,8,7,0,1,8,1,1,137,0,0,0,0,3,0,20,2,23,0,0,2,1,18,0,0,0,1,0,23,157,0,26,12,0,5.607142857,4,197,12,0
1,1,1,0,0,0,0,0,0,NaN,0,0,0,0,20,3,0,0,0,0,3.1219,20,0,NaN,3,0,0,0,0,0,0,0,1,3,0,0,0,0,0,0,0,0,0,0,0,0,0,1,0,0,0,0,4,0,0,1,0,1,0,0,0,0,0,0,0,0,0,0,0,0,0,0,0,0,0,0,0,0,0,0,0,0,3,0,0,0,0,9,0,0
1,0.741666667,73,8,76.38888889,4.339926935,0.08988764,2663.042282,2.563380282,0.049856049,23,36.95915493,53,19.82538732,14.7,16.13392554,-28.04322183,20.05774648,19.54556962,-15.60871835,16.82058433,14.2,37.26708861,0.051162489,16.13392554,18.29537975,44.85741379,-15.27930493,58,23,2.392405063,105,3,1.189419173,0,0.5,1,1,13,20.5,47.2,8.2,1.2,10,2,21,0,1,0,11,29,57,14,29,3,4,24,1,9,443,113,0,4,0,5,0,96,4,100,0,5,6,10,78,0,1,0,1,0,79,539,0,124,17,38,5.275,22,727,32,0
1,0.662889518,192,25,87.31311543,5.104409151,0.106837607,3268.460775,2.53960396,0.046037222,94,24.88987053,110,16.02732673,9,13.41448695,-15.90126428,21.72155369,19.81941992,3.49240227,14.21291518,6.4,26.04892812,0.050455563,13.63376335,13.48360656,60.04325226,-15.30786856,136,98,2.290983607,754,6,1.198421607,0,0.4,1,1,13,9.692307692,57.40740741,9.333333333,1.333333333,27,3,68,0,1,0,11,77,174,31,77,8,26,85,1,34,1265,863,2,31,0,17,9,306,17,274,1,7,18,193,244,0,1,55,1,3,244,1571,0,517,16,129,4.960339943,61,2277,113,1
1,0.668478261,97,12,89.20132325,4.581433584,0.097560976,2467.065762,2.459183673,0.060150879,32,30.91057514,67,15.80382189,13.3,12.34198733,-10.25466605,16.62486085,15.56789517,6.814348894,12.86559279,12.6,30.7030303,0.064234759,12.34198733,13.50390663,47.61904177,-15.29731892,74,32,2.243243243,297,3,1.222951971,0,0.4,1,1,1,11.36363636,38.88235294,7.294117647,1.470588235,17,0,30,0,1,0,5,36,80,21,36,14,11,60,1,18,660,323,14,2,0,11,0,62,5,147,0,7,7,18,112,0,0,0,1,0,111,722,0,192,17,78,4.77173913,44,1032,53,3
